[{"model": "users.user", "pk": 1, "fields": {"password": "!faji3OtYlqCb1Ueb4BZLHSEDR10ENvAa80tQLqzS", "last_login": null, "is_superuser": true, "username": "admin", "first_name": "", "last_name": "", "email": "admin@test.com", "is_staff": true, "is_active": true, "date_joined": "2026-03-19T13:58:28.533Z", "phone": null, "role": "customer", "latitude": null, "longitude": null, "profile_image": "", "address": "", "city": "", "state": "", "pincode": "", "created_at": "2026-03-19T13:58:28.533Z", "updated_at": "2026-03-19T13:58:28.533Z", "groups": [], "user_permissions": []}}, {"model": "users.user", "pk": 2, "fields": {"password": "pbkdf2_sha256$600000$LC3nVKUmJQeFjZnjRDK5FP$Ncm8TyH821U6n7nBcez07BncGS8fJhSESh4knpulNio=", "last_login": null, "is_superuser": false, "username": "testuser123", "first_name": "Test", "last_name": "User", "email": "testuser123@example.com", "is_staff": false, "is_active": true, "date_joined": "2026-03-19T14:00:09.123Z", "phone": "9876543210", "role": "customer", "latitude": null, "longitude": null, "profile_image": "", "address": "", "city": "", "state": "", "pincode": "", "created_at": "2026-03-19T14:00:09.322Z", "updated_at": "2026-03-19T14:00:09.322Z", "groups": [], "user_permissions": []}}, {"model": "users.user", "pk": 3, "fields": {"password": "pbkdf2_sha256$600000$hnFygpjL3YiaDHUcT8rmGf$k1v+XPPqgBEohifYptzjCAuvuO8PO36U0b9r2Kq/6qo=", "last_login": null, "is_superuser": false, "username": "testuser456", "first_name": "Test2", "last_name": "User2", "email": "testuser456@example.com", "is_staff": false, "is_active": true, "date_joined": "2026-03-19T14:06:31.722Z", "phone": "1234567890", "role": "customer", "latitude": null, "longitude": null, "profile_image": "", "address": "", "city": "", "state": "", "pincode": "", "created_at": "2026-03-19T14:06:31.916Z", "updated_at": "2026-03-19T14:06:31.916Z", "groups": [], "user_permissions": []}}, {"model": "users.user", "pk": 4, "fields": {"password": "pbkdf2_sha256$600000$pwLqSnTc5qqRU9MQbJnu7M$JbBSWfVznEbcgxrtflIao+z6F+zncpCrNWvB6Wdab5Y=", "last_login": null, "is_superuser": false, "username": "realtestusertestcust1", "first_name": "RealTest", "last_name": "TesterCustomer", "email": "testcust1@example.com", "is_staff": false, "is_active": true, "date_joined": "2026-03-19T14:22:31.014Z", "phone": "", "role": "customer", "latitude": null, "longitude": null, "profile_image": "", "address": "", "city": "", "state": "", "pincode": "", "created_at": "2026-03-19T14:22:31.210Z", "updated_at": "2026-03-19T14:22:31.210Z", "groups": [], "user_permissions": []}}, {"model": "users.user", "pk": 5, "fields": {"password": "pbkdf2_sha256$600000$Ra3dTQNZHAZM8OHnrBKkrf$9CZHcUp9qaiMVMCV4ZfqZgcxZUw1qBv1wboAteVsx90=", "last_login": null, "is_superuser": false, "username": "test123", "first_name": "Test", "last_name": "123", "email": "test123@example.com", "is_staff": false, "is_active": true, "date_joined": "2026-03-19T14:46:28.722Z", "phone": "1233455555555", "role": "customer", "latitude": null, "longitude": null, "profile_image": "", "address": "", "city": "", "state": "", "pincode": "", "created_at": "2026-03-19T14:46:28.955Z", "updated_at": "2026-03-19T14:46:28.955Z", "groups": [], "user_permissions": []}}, {"model": "users.user", "pk": 6, "fields": {"password": "pbkdf2_sha256$600000$YAcIa5gPYos8UR8Va7eAct$cyFqXJpswsEMwNsQNBo2CIdLS2AEEnH4catjmPP2E/o=", "last_login": null, "is_superuser": false, "username": "test1234", "first_name": "Test", "last_name": "1234", "email": "test1234@example.com", "is_staff": false, "is_active": true, "date_joined": "2026-03-19T14:47:41.565Z", "phone": "123456789", "role": "customer", "latitude": null, "longitude": null, "profile_image": "", "address": "", "city": "", "state": "", "pincode": "", "created_at": "2026-03-19T14:47:41.850Z", "updated_at": "2026-03-19T14:47:41.850Z", "groups": [], "user_permissions": []}}, {"model": "users.user", "pk": 7, "fields": {"password": "pbkdf2_sha256$600000$Wf4PRhtv1qSKUb8U10kxEH$T9YBz68HQhWz3yZ9xd+z9OoNYzYz7K41nOkehvWWgEU=", "last_login": null, "is_superuser": false, "username": "prajwal", "first_name": "Prajwal", "last_name": "S", "email": "prajuthejonidhi1001@gmail.com", "is_staff": false, "is_active": true, "date_joined": "2026-03-19T18:15:26.048Z", "phone": "+919686068979", "role": "customer", "latitude": null, "longitude": null, "profile_image": "", "address": "", "city": "", "state": "", "pincode": "", "created_at": "2026-03-19T18:15:26.365Z", "updated_at": "2026-03-19T18:15:26.365Z", "groups": [], "user_permissions": []}}, {"model": "users.user", "pk": 8, "fields": {"password": "pbkdf2_sha256$600000$noFQbQy6ir575g0FRdAlMh$V1XuUM4QgtzUIrqSNpUMgmJ9lBEWnSd+vJaXvTE3RBM=", "last_login": null, "is_superuser": false, "username": "unique_seller_77", "first_name": "Seller", "last_name": "Test", "email": "unique_seller_77@test.com", "is_staff": false, "is_active": true, "date_joined": "2026-03-19T20:08:14.527Z", "phone": "9988776655", "role": "seller", "latitude": null, "longitude": null, "profile_image": "", "address": "", "city": "", "state": "", "pincode": "", "created_at": "2026-03-19T20:08:14.781Z", "updated_at": "2026-03-19T20:08:14.781Z", "groups": [], "user_permissions": []}}, {"model": "users.user", "pk": 9, "fields": {"password": "pbkdf2_sha256$600000$g0ukpcXJmFnHLeBB8tav9T$nyIiiJ8XCubXXKwELS8WI+ZigeZvkrB/rILTpIWBL1M=", "last_login": null, "is_superuser": false, "username": "tester_abc_123", "first_name": "Test", "last_name": "User", "email": "tester_abc_123@abc.com", "is_staff": false, "is_active": true, "date_joined": "2026-03-19T20:10:11.501Z", "phone": "1122334455", "role": "customer", "latitude": null, "longitude": null, "profile_image": "", "address": "", "city": "", "state": "", "pincode": "", "created_at": "2026-03-19T20:10:11.737Z", "updated_at": "2026-03-19T20:10:11.737Z", "groups": [], "user_permissions": []}}, {"model": "users.user", "pk": 10, "fields": {"password": "pbkdf2_sha256$600000$DgX287Acvm1H7TU8z8Wfr3$a3PKbf2ZvTN/ptwgER6WjVDXoKJk5hElaioLXkpQOWo=", "last_login": null, "is_superuser": false, "username": "testshell", "first_name": "", "last_name": "", "email": "", "is_staff": false, "is_active": true, "date_joined": "2026-03-19T20:26:49.379Z", "phone": null, "role": "customer", "latitude": null, "longitude": null, "profile_image": "", "address": "", "city": "", "state": "", "pincode": "", "created_at": "2026-03-19T20:26:49.625Z", "updated_at": "2026-03-19T20:26:49.625Z", "groups": [], "user_permissions": []}}, {"model": "users.user", "pk": 11, "fields": {"password": "pbkdf2_sha256$600000$GSYAzgOj990dIX589jV9k8$JucVZpmVEaC4bNcWAgzr0sbv4ryVnIyGtFtT6Lzvssw=", "last_login": null, "is_superuser": false, "username": "prajwalshetty10001", "first_name": "Prajwal", "last_name": "Shetty", "email": "prajwalshetty10001@gmail.com", "is_staff": false, "is_active": true, "date_joined": "2026-03-22T18:41:09.879Z", "phone": "9686068979", "role": "customer", "latitude": null, "longitude": null, "profile_image": "", "address": "", "city": "", "state": "", "pincode": "", "created_at": "2026-03-22T18:41:10.093Z", "updated_at": "2026-03-22T18:41:10.093Z", "groups": [], "user_permissions": []}}, {"model": "users.user", "pk": 12, "fields": {"password": "pbkdf2_sha256$600000$ydht4KRIJ6ZuAnoMk8Hr8F$buMsuONsZYdCO7KJMqrNQc0STBEF/qhQmiA5NimARDw=", "last_login": null, "is_superuser": false, "username": "prajuthejonidhi1001", "first_name": "Prajju", "last_name": "S", "email": "prajuthejoniddhi1001@gmail.com", "is_staff": false, "is_active": true, "date_joined": "2026-03-24T05:24:29.872Z", "phone": "9686068977", "role": "seller", "latitude": null, "longitude": null, "profile_image": "", "address": "", "city": "", "state": "", "pincode": "", "created_at": "2026-03-24T05:24:30.093Z", "updated_at": "2026-03-24T05:24:30.093Z", "groups": [], "user_permissions": []}}, {"model": "users.user", "pk": 13, "fields": {"password": "pbkdf2_sha256$600000$MExWvjP0ihM9uy3x9r0Keg$okIIUSyF5IoAso5lZaNBseuexS22T99rIV384XKf0Og=", "last_login": null, "is_superuser": false, "username": "tester_praju_2026", "first_name": "New", "last_name": "User", "email": "tester_praju_2026@gmail.com", "is_staff": false, "is_active": true, "date_joined": "2026-03-24T05:32:41.388Z", "phone": "9876543211", "role": "customer", "latitude": null, "longitude": null, "profile_image": "", "address": "", "city": "", "state": "", "pincode": "", "created_at": "2026-03-24T05:32:43.104Z", "updated_at": "2026-03-24T05:32:43.104Z", "groups": [], "user_permissions": []}}, {"model": "users.user", "pk": 14, "fields": {"password": "pbkdf2_sha256$600000$HLYkwOjn2YYWEvOhvsO5ur$K56kEmILunBYXJDxqujR8kwAKCpXDUjjQnjFxF2e26c=", "last_login": null, "is_superuser": false, "username": "testseller2026", "first_name": "Test", "last_name": "Seller", "email": "testseller2026@gmail.com", "is_staff": false, "is_active": true, "date_joined": "2026-03-24T05:38:42.143Z", "phone": "9876543212", "role": "seller", "latitude": null, "longitude": null, "profile_image": "", "address": "", "city": "", "state": "", "pincode": "", "created_at": "2026-03-24T05:38:42.624Z", "updated_at": "2026-03-24T05:38:42.624Z", "groups": [], "user_permissions": []}}, {"model": "products.category", "pk": 2, "fields": {"name": "Fashion", "description": "Textiles, Shoes, and Fashion Accessories", "icon": "categories/fashion.jpg", "created_at": "2026-03-18T00:00:00Z"}}, {"model": "products.category", "pk": 4, "fields": {"name": "Electronics", "description": "Mobile, Laptops, and Home Appliances", "icon": "categories/electronics.jpg", "created_at": "2026-03-18T00:00:00Z"}}, {"model": "products.category", "pk": 6, "fields": {"name": "Agriculture", "description": "Farming supplies, equipment and nursery", "icon": "categories/agriculture.jpg", "created_at": "2026-03-19T16:50:30.485Z"}}, {"model": "products.category", "pk": 7, "fields": {"name": "Mart", "description": "Supermarkets, wholesale and convenience stores", "icon": "categories/mart.jpg", "created_at": "2026-03-19T16:50:30.603Z"}}, {"model": "products.category", "pk": 8, "fields": {"name": "Traders", "description": "Livestock and commodity traders", "icon": "categories/traders.jpg", "created_at": "2026-03-19T16:50:30.679Z"}}, {"model": "products.category", "pk": 9, "fields": {"name": "Automobile", "description": "New vehicles - two, four wheelers and commercial", "icon": "categories/automobile.jpg", "created_at": "2026-03-19T16:50:30.734Z"}}, {"model": "products.category", "pk": 10, "fields": {"name": "Second Hand Vehicles", "description": "Pre-owned two, four wheelers and heavy vehicles", "icon": "categories/second_hand_vehicles.jpg", "created_at": "2026-03-19T16:50:30.771Z"}}, {"model": "products.category", "pk": 11, "fields": {"name": "Construction", "description": "Hardware, paint, electrical and fabrication", "icon": "categories/construction.jpg", "created_at": "2026-03-19T16:50:30.807Z"}}, {"model": "products.category", "pk": 12, "fields": {"name": "Furnitures", "description": "Home and office furniture", "icon": "categories/furnitures.jpg", "created_at": "2026-03-19T16:50:30.863Z"}}, {"model": "products.category", "pk": 13, "fields": {"name": "Event Management", "description": "Stage decoration, catering and photography", "icon": "categories/event_management.jpg", "created_at": "2026-03-19T16:50:30.916Z"}}, {"model": "products.subcategory", "pk": 38, "fields": {"category": 6, "name": "Agri Equipments", "icon": "subcategories/agri_equipments.jpg", "created_at": "2026-03-19T16:50:30.502Z"}}, {"model": "products.subcategory", "pk": 39, "fields": {"category": 6, "name": "Feeds & Cattle Feeds", "icon": "subcategories/feeds_and_cattle_feeds.jpg", "created_at": "2026-03-19T16:50:30.512Z"}}, {"model": "products.subcategory", "pk": 40, "fields": {"category": 6, "name": "Fertilizers & Pesticides", "icon": "subcategories/fertilizers__pesticides_rF0edRd.jpg", "created_at": "2026-03-19T16:50:30.522Z"}}, {"model": "products.subcategory", "pk": 41, "fields": {"category": 6, "name": "Nursery", "icon": "subcategories/nursery_fallback.jpg", "created_at": "2026-03-19T16:50:30.530Z"}}, {"model": "products.subcategory", "pk": 42, "fields": {"category": 6, "name": "Seeds", "icon": "subcategories/seeds_XlvzebP.jpg", "created_at": "2026-03-19T16:50:30.539Z"}}, {"model": "products.subcategory", "pk": 43, "fields": {"category": 2, "name": "Textile", "icon": "subcategories/textile_BvfHOTc.jpg", "created_at": "2026-03-19T16:50:30.548Z"}}, {"model": "products.subcategory", "pk": 44, "fields": {"category": 2, "name": "Shoes", "icon": "subcategories/shoes_hYfempb.jpg", "created_at": "2026-03-19T16:50:30.558Z"}}, {"model": "products.subcategory", "pk": 45, "fields": {"category": 2, "name": "Tailors", "icon": "subcategories/tailors_05nDICP.jpg", "created_at": "2026-03-19T16:50:30.566Z"}}, {"model": "products.subcategory", "pk": 46, "fields": {"category": 2, "name": "Rental Stores", "icon": "subcategories/rental_stores_jX6zVn8.jpg", "created_at": "2026-03-19T16:50:30.575Z"}}, {"model": "products.subcategory", "pk": 47, "fields": {"category": 2, "name": "Beautician", "icon": "subcategories/beautician_MG2fCGT.jpg", "created_at": "2026-03-19T16:50:30.585Z"}}, {"model": "products.subcategory", "pk": 48, "fields": {"category": 2, "name": "Saree & Fancy Printing", "icon": "subcategories/saree__fancy_printing_DUWv8iv.jpg", "created_at": "2026-03-19T16:50:30.595Z"}}, {"model": "products.subcategory", "pk": 49, "fields": {"category": 7, "name": "Supermarkets", "icon": "subcategories/supermarkets_rZOa7Ud.jpg", "created_at": "2026-03-19T16:50:30.610Z"}}, {"model": "products.subcategory", "pk": 50, "fields": {"category": 7, "name": "Convenience Stores", "icon": "subcategories/convenience_stores_GNBjHWp.jpg", "created_at": "2026-03-19T16:50:30.618Z"}}, {"model": "products.subcategory", "pk": 51, "fields": {"category": 7, "name": "Wholesale Markets", "icon": "subcategories/wholesale_markets_pSSPs9d.jpg", "created_at": "2026-03-19T16:50:30.627Z"}}, {"model": "products.subcategory", "pk": 52, "fields": {"category": 7, "name": "General Stores", "icon": "subcategories/general_stores.jpg", "created_at": "2026-03-19T16:50:30.634Z"}}, {"model": "products.subcategory", "pk": 53, "fields": {"category": 4, "name": "Mobile", "icon": "subcategories/mobile_jhT54UX.jpg", "created_at": "2026-03-19T16:50:30.642Z"}}, {"model": "products.subcategory", "pk": 54, "fields": {"category": 4, "name": "Laptop", "icon": "subcategories/laptop_r9qpmiO.jpg", "created_at": "2026-03-19T16:50:30.649Z"}}, {"model": "products.subcategory", "pk": 55, "fields": {"category": 4, "name": "Home Appliances", "icon": "subcategories/home_appliances_QPHFcx9.jpg", "created_at": "2026-03-19T16:50:30.657Z"}}, {"model": "products.subcategory", "pk": 56, "fields": {"category": 4, "name": "Audio & Video", "icon": "subcategories/audio__video_8pW9gqv.jpg", "created_at": "2026-03-19T16:50:30.663Z"}}, {"model": "products.subcategory", "pk": 57, "fields": {"category": 4, "name": "Accessories", "icon": "subcategories/accessories_tn8ZXfp.jpg", "created_at": "2026-03-19T16:50:30.671Z"}}, {"model": "products.subcategory", "pk": 58, "fields": {"category": 8, "name": "Cow", "icon": "subcategories/cow_uNOCjsf.jpg", "created_at": "2026-03-19T16:50:30.687Z"}}, {"model": "products.subcategory", "pk": 59, "fields": {"category": 8, "name": "Sheep", "icon": "subcategories/sheep_L45fxvC.jpg", "created_at": "2026-03-19T16:50:30.696Z"}}, {"model": "products.subcategory", "pk": 60, "fields": {"category": 8, "name": "Silage", "icon": "subcategories/silage_TJIQlAW.jpg", "created_at": "2026-03-19T16:50:30.704Z"}}, {"model": "products.subcategory", "pk": 61, "fields": {"category": 8, "name": "Goats", "icon": "subcategories/goats.jpg", "created_at": "2026-03-19T16:50:30.711Z"}}, {"model": "products.subcategory", "pk": 62, "fields": {"category": 8, "name": "Pets", "icon": "subcategories/pets_HBirwnQ.jpg", "created_at": "2026-03-19T16:50:30.718Z"}}, {"model": "products.subcategory", "pk": 63, "fields": {"category": 8, "name": "Coffee Traders", "icon": "subcategories/coffee_traders_5ctaDqw.jpg", "created_at": "2026-03-19T16:50:30.726Z"}}, {"model": "products.subcategory", "pk": 64, "fields": {"category": 9, "name": "Two Wheelers", "icon": "subcategories/two_wheelers_wcXXjSV.jpg", "created_at": "2026-03-19T16:50:30.741Z"}}, {"model": "products.subcategory", "pk": 65, "fields": {"category": 9, "name": "Four Wheelers", "icon": "subcategories/four_wheelers_falYOX7.jpg", "created_at": "2026-03-19T16:50:30.749Z"}}, {"model": "products.subcategory", "pk": 66, "fields": {"category": 9, "name": "Commercial", "icon": "subcategories/commercial_7aF2u8M.jpg", "created_at": "2026-03-19T16:50:30.756Z"}}, {"model": "products.subcategory", "pk": 67, "fields": {"category": 9, "name": "Modified Vehicles", "icon": "subcategories/modified_vehicles_vrkOadE.jpg", "created_at": "2026-03-19T16:50:30.764Z"}}, {"model": "products.subcategory", "pk": 68, "fields": {"category": 10, "name": "Two Wheeled", "icon": "subcategories/two_wheeled_n9oTeMp.jpg", "created_at": "2026-03-19T16:50:30.779Z"}}, {"model": "products.subcategory", "pk": 69, "fields": {"category": 10, "name": "Four Wheeled", "icon": "subcategories/four_wheeled_RGaBYuz.jpg", "created_at": "2026-03-19T16:50:30.786Z"}}, {"model": "products.subcategory", "pk": 70, "fields": {"category": 10, "name": "Commercial Vehicles", "icon": "subcategories/commercial_vehicles_7SdKc0b.jpg", "created_at": "2026-03-19T16:50:30.794Z"}}, {"model": "products.subcategory", "pk": 71, "fields": {"category": 10, "name": "Heavy Vehicles", "icon": "subcategories/heavy_vehicles_8CW8sXa.jpg", "created_at": "2026-03-19T16:50:30.800Z"}}, {"model": "products.subcategory", "pk": 72, "fields": {"category": 11, "name": "Hardware", "icon": "subcategories/hardware_9JUZNpi.jpg", "created_at": "2026-03-19T16:50:30.813Z"}}, {"model": "products.subcategory", "pk": 73, "fields": {"category": 11, "name": "Paints", "icon": "subcategories/paints_y19zzd9.jpg", "created_at": "2026-03-19T16:50:30.821Z"}}, {"model": "products.subcategory", "pk": 74, "fields": {"category": 11, "name": "Electric Items", "icon": "subcategories/electric_items.jpg", "created_at": "2026-03-19T16:50:30.827Z"}}, {"model": "products.subcategory", "pk": 75, "fields": {"category": 11, "name": "Tiles & Granite", "icon": "subcategories/tiles__granite_VTDgIpT.jpg", "created_at": "2026-03-19T16:50:30.835Z"}}, {"model": "products.subcategory", "pk": 76, "fields": {"category": 11, "name": "Carpentry & Wood", "icon": "subcategories/carpentry__wood_WwWVRb4.jpg", "created_at": "2026-03-19T16:50:30.842Z"}}, {"model": "products.subcategory", "pk": 77, "fields": {"category": 11, "name": "PVC Fabrication", "icon": "subcategories/pvc_fabrication_8nosiJH.jpg", "created_at": "2026-03-19T16:50:30.848Z"}}, {"model": "products.subcategory", "pk": 78, "fields": {"category": 11, "name": "Others", "icon": "subcategories/others_2fGHos2.jpg", "created_at": "2026-03-19T16:50:30.856Z"}}, {"model": "products.subcategory", "pk": 79, "fields": {"category": 12, "name": "Sofas", "icon": "subcategories/sofas_MJfyMNa.jpg", "created_at": "2026-03-19T16:50:30.871Z"}}, {"model": "products.subcategory", "pk": 80, "fields": {"category": 12, "name": "Beds", "icon": "subcategories/beds.jpg", "created_at": "2026-03-19T16:50:30.878Z"}}, {"model": "products.subcategory", "pk": 81, "fields": {"category": 12, "name": "Dining", "icon": "subcategories/dining_dwNhm6k.jpg", "created_at": "2026-03-19T16:50:30.889Z"}}, {"model": "products.subcategory", "pk": 82, "fields": {"category": 12, "name": "Office Furniture", "icon": "subcategories/office_furniture_B5My7J6.jpg", "created_at": "2026-03-19T16:50:30.898Z"}}, {"model": "products.subcategory", "pk": 83, "fields": {"category": 12, "name": "Outdoor Furniture", "icon": "subcategories/outdoor_furniture_taQOadC.jpg", "created_at": "2026-03-19T16:50:30.907Z"}}, {"model": "products.subcategory", "pk": 84, "fields": {"category": 13, "name": "Stage Decoration", "icon": "subcategories/stage_decoration.jpg", "created_at": "2026-03-19T16:50:30.923Z"}}, {"model": "products.subcategory", "pk": 85, "fields": {"category": 13, "name": "Catering", "icon": "subcategories/catering_Qig9qdF.jpg", "created_at": "2026-03-19T16:50:30.931Z"}}, {"model": "products.subcategory", "pk": 86, "fields": {"category": 13, "name": "Photography Studio", "icon": "subcategories/photography_studio_LqilXp7.jpg", "created_at": "2026-03-19T16:50:30.938Z"}}, {"model": "shops.shop", "pk": 1, "fields": {"seller": 12, "name": "Raghavendra Stores", "description": "Quality local store in Chikmagalur, Chickmagalur", "logo": "shop_logos/8cc10bc4-9be6-4f7b-8649-95de32367337.jpeg", "banner": "", "latitude": 20.5937, "longitude": 78.9629, "address": "Near to Royal Enfield showroom kalyannagara Chikkamagaluru.", "city": "Chickmagalur", "state": "Karnataka", "pincode": "577102", "phone": "9686068977", "email": "prajuthejoniddhi1001@gmail.com", "rating": 0.0, "reviews_count": 0, "opening_time": null, "closing_time": null, "is_active": true, "verification_status": "unverified", "created_at": "2026-03-24T05:24:31.179Z", "updated_at": "2026-03-24T05:24:31.179Z"}}, {"model": "shops.shop", "pk": 2, "fields": {"seller": 14, "name": "Test Mart 2026", "description": "Test Mart 2026 in Bangalore North, Bangalore", "logo": "", "banner": "", "latitude": 20.5937, "longitude": 78.9629, "address": "123, Main Street, Bangalore", "city": "Bangalore", "state": "Karnataka", "pincode": "560001", "phone": "9876543212", "email": "testseller2026@gmail.com", "rating": 0.0, "reviews_count": 0, "opening_time": null, "closing_time": null, "is_active": true, "verification_status": "unverified", "created_at": "2026-03-24T05:38:43.555Z", "updated_at": "2026-03-24T05:38:43.555Z"}}, {"model": "orders.cart", "pk": 1, "fields": {"user": 9, "created_at": "2026-03-19T20:31:24.161Z", "updated_at": "2026-03-19T20:31:24.161Z"}}, {"model": "orders.cart", "pk": 2, "fields": {"user": 11, "created_at": "2026-03-22T18:41:45.836Z", "updated_at": "2026-03-22T18:41:45.836Z"}}, {"model": "orders.cart", "pk": 3, "fields": {"user": 12, "created_at": "2026-03-24T05:24:30.695Z", "updated_at": "2026-03-24T05:24:30.695Z"}}, {"model": "orders.cart", "pk": 4, "fields": {"user": 13, "created_at": "2026-03-24T05:33:09.193Z", "updated_at": "2026-03-24T05:33:09.193Z"}}, {"model": "orders.cart", "pk": 5, "fields": {"user": 14, "created_at": "2026-03-24T05:38:43.663Z", "updated_at": "2026-03-24T05:38:43.663Z"}}]